tag,tag_key,tag_value,osm_type,osm_id,name,name_ko,name_en,has_hangul_name,lat,lon,address
amenity=restaurant,amenity,restaurant,node,13946953599,하루빈 중화요리,,,Y,37.5487450,126.9157343,서울특별시 마포구 독막로 19-3
amenity=restaurant,amenity,restaurant,node,12074756324,삼육서울병원 추모관식당,,,Y,37.5878491,127.0653153,망우로 82
healthcare=doctor,healthcare,doctor,node,368796558,청담한의원,청담한의원,Cheongdam Oriental Medicine Clinic,Y,37.5049425,126.7646587,
amenity=restaurant,amenity,restaurant,node,13851761663,을지회관,,,Y,37.5666429,126.9885796,삼일대로10길 36
amenity=restaurant,amenity,restaurant,node,13903555407,국대떡볶이군자역점,,,Y,37.5554359,127.0788034,서울특별시 광진구 능동로 288
amenity=restaurant,amenity,restaurant,node,13854683052,싹쓰리 솥뚜껑 김치삼겹살,,,Y,37.5761431,127.0482652,"답십리로 61-1, 1층 (전농동)"
amenity=restaurant,amenity,restaurant,node,13851759418,Journey Roti(져니 로띠),,,Y,37.5632402,127.0019160,퇴계로 235
tourism=guest_house,tourism,guest_house,node,13727249529,대원하숙,,,Y,37.5622025,126.9307385,
amenity=restaurant,amenity,restaurant,node,13946797110,대게집,,,Y,37.5099807,127.0266511,학동로20길 62
amenity=bank,amenity,bank,node,4662847536,우리은행,우리은행,Woori Bank,Y,37.6666944,127.0568767,
shop=convenience,shop,convenience,node,13911612858,CU 을지로 5가점,,,Y,37.5665860,127.0019130,"동호로 361,"
amenity=restaurant,amenity,restaurant,node,13854682180,루프탑다이닝,,,Y,37.5756863,127.0250095,"왕산로2길 9, 3층 (신설동)"
amenity=restaurant,amenity,restaurant,node,7559560391,곱창전문점,,,Y,37.5784302,127.0269917,
amenity=restaurant,amenity,restaurant,node,13930570859,대호,,,Y,37.5573670,126.9512940,신촌로 229
healthcare=dentist,healthcare,dentist,node,368798121,늘해랑치과의원,,,Y,37.5153640,126.7703654,
amenity=restaurant,amenity,restaurant,node,13958829108,오렌지,,,Y,37.4951050,127.1174765,송파대로32길 06-06
amenity=restaurant,amenity,restaurant,node,12074414156,에그셀런트 금호점,,,Y,37.5470184,127.0196788,독서당로 274
amenity=restaurant,amenity,restaurant,node,13360989703,꾸워,,,Y,37.5980858,126.9118531,은평로 34
amenity=restaurant,amenity,restaurant,node,13851761395,대장부식당,,,Y,37.5560962,126.9753153,서애로1길 06-04
amenity=cafe,amenity,cafe,node,13957502889,더치앤빈,,,Y,37.5750591,126.9808982,
amenity=restaurant,amenity,restaurant,node,13946698644,전주명가,,,Y,37.6374913,127.0377117,서울특별시 도봉구 덕릉로54길 8
amenity=restaurant,amenity,restaurant,node,8441101579,퀸스파크 한남점,,,Y,37.5340132,127.0094676,독서당로 80
amenity=restaurant,amenity,restaurant,node,12074797791,옛날연길냉면,,,Y,37.5702839,127.0103076,종로46길 31
amenity=restaurant,amenity,restaurant,node,12071112591,일산칼국수,,,Y,37.5689043,126.9872047,
amenity=restaurant,amenity,restaurant,node,7559559101,금호횟집 지하24시간 코인노래방,,,Y,37.4996483,126.9326062,
amenity=restaurant,amenity,restaurant,node,12074736355,오복가,,,Y,37.5472100,127.0717920,능동로19길 35
shop=electronics,shop,electronics,node,13143831246,Apple 잠실,,,Y,37.5137700,127.1034917,
amenity=restaurant,amenity,restaurant,node,13946698795,동대문엽기떡볶이쌍문점,,,Y,37.6569487,127.0281906,서울특별시 도봉구 시루봉로 70
amenity=restaurant,amenity,restaurant,node,13946919944,어스,,,Y,37.5710684,127.0675511,서울특별시 동대문구 답십리로66길 36
amenity=restaurant,amenity,restaurant,node,13851760599,구구 알칼리치킨,,,Y,37.5671855,126.9909689,"을지로 지하 88, 대현프리몰 을지스타몰 을특1-4호 (을지로2가)"
shop=stationery,shop,stationery,node,13958041668,아트박스,,,Y,37.6475777,126.8961149,
amenity=restaurant,amenity,restaurant,node,12073107987,임성근국가공인진갈비 서울신당점,,,Y,37.5649594,127.0165268,다산로42길 3
shop=convenience,shop,convenience,node,13911614038,GS25 언주제일,,,Y,37.5076510,127.0323810,논현로111길 14
amenity=restaurant,amenity,restaurant,node,12074613441,명품육사,,,Y,37.5454837,127.0686456,능동로13길 88
shop=supermarket,shop,supermarket,node,13584363382,호야마트,,,Y,37.5904491,127.0741235,봉우재로1길 19
amenity=restaurant,amenity,restaurant,node,13851763243,고냉지김치삼겹살,,,Y,37.5674662,126.9830263,남대문로 116
shop=convenience,shop,convenience,node,5236801421,GS25,GS25,GS25,N,37.5652983,127.0196584,
amenity=restaurant,amenity,restaurant,node,6222632685,모던눌랑,,Modernnulang,Y,37.5199266,126.9279549,국제금융로8길 31
amenity=restaurant,amenity,restaurant,node,10018588092,골뱅이나라,,,Y,37.5810107,127.0451251,홍릉로 8
amenity=restaurant,amenity,restaurant,node,9796016378,Cantus,,,N,37.4980334,126.9986111,
amenity=restaurant,amenity,restaurant,node,13663798574,제주도로담,,,Y,37.5577790,126.9422743,
amenity=bank,amenity,bank,node,2103907402,하나은행,하나은행,KEB Hana Bank,Y,37.5145496,127.0196569,
amenity=bank,amenity,bank,node,12223521425,우리은행,우리은행,Woori Bank,Y,37.4884338,126.7833694,
amenity=school,amenity,school,node,368922985,성암여자중학교,성암여자중학교,Seongam Girls Middle School,Y,37.6205155,127.0241477,
amenity=restaurant,amenity,restaurant,node,9760987665,치킨더플,,,Y,37.6002022,127.0907230,
shop=convenience,shop,convenience,node,13911616005,세븐일레븐 아차산프리미엄점,,,Y,37.5550620,127.0934320,영화사로11길 3
shop=convenience,shop,convenience,node,13911612723,세븐일레븐 강일아리수점,,,Y,37.5644130,127.1737080,"아리수로 419,"
amenity=cafe,amenity,cafe,node,12439504807,바스크,,,Y,37.6085785,127.0225123,
amenity=restaurant,amenity,restaurant,node,13851764038,산세베리아,,,Y,37.5635008,127.0869390,용마산로 12
amenity=restaurant,amenity,restaurant,node,12074413341,당산곶,,,Y,37.5357767,126.9028692,당산로51길 1
amenity=restaurant,amenity,restaurant,node,13851765287,치악산식당,,,Y,37.5617510,127.0756590,동일로66길 7
amenity=restaurant,amenity,restaurant,node,12074379503,숙이네,,,Y,37.5804218,127.0427846,홍릉로1길 47
amenity=restaurant,amenity,restaurant,node,13681878961,샐러디,,,Y,37.5680329,126.9662701,
amenity=restaurant,amenity,restaurant,node,13946919925,한솥도시락 장안동사거리,,,Y,37.5716152,127.0745952,서울특별시 동대문구 장한로26길 55
amenity=cafe,amenity,cafe,node,4692967806,카리스,,,Y,37.4140255,126.9168767,
amenity=restaurant,amenity,restaurant,node,7297894469,원님곰탕,,,Y,37.5602313,126.9931094,
amenity=restaurant,amenity,restaurant,node,13854681296,소양강메기매운탕,,,Y,37.5724666,127.0269779,"천호대로 14 (신설동,(하정로 16))"
amenity=cafe,amenity,cafe,node,12074602814,위너커피,,,Y,37.4987806,126.9312547,국사봉1길 58
amenity=bank,amenity,bank,node,9654527661,우리은행,우리은행,Woori Bank,Y,37.5618466,126.9865883,
amenity=restaurant,amenity,restaurant,node,13958829507,방이 돈가,,,Y,37.5121310,127.1093200,오금로15길 4
amenity=restaurant,amenity,restaurant,node,12073276801,(주)싸다김밥 언주역점,,,Y,37.5060406,127.0347619,논현로 562
amenity=restaurant,amenity,restaurant,node,12079331863,샴프네,,,Y,37.6126867,127.0294686,도봉로 41-1
healthcare=doctor,healthcare,doctor,node,7511124872,서울광명의원,서울광명의원,,Y,37.5033203,127.0924229,
amenity=fast_food,amenity,fast_food,node,2919745808,롯데리아,롯데리아,Lotteria,Y,37.5052092,126.7625851,길주로 181 골든벨 타워
tourism=motel,tourism,motel,node,368703742,스카이모텔,스카이모텔,Sky Motel,Y,37.5295680,126.8391570,
amenity=restaurant,amenity,restaurant,node,13851763695,대포집,,,Y,37.5381540,127.0863950,자양로18길 53
amenity=restaurant,amenity,restaurant,node,12074314882,187호,,,Y,37.5001192,127.0280777,강남대로98길 12-3
amenity=restaurant,amenity,restaurant,node,12074785127,브런치빈 서울대입구역점,,,Y,37.4804229,126.9542008,남부순환로 1840
healthcare=pharmacy,healthcare,pharmacy,node,12659997301,기쁨약국,,,Y,37.4787164,127.0476557,개포로 228
amenity=restaurant,amenity,restaurant,node,13958829464,숯불직화꼬치바베큐,,,Y,37.5059159,127.1173569,가락로28길 13
amenity=cafe,amenity,cafe,node,13955656724,카페희원,,,Y,37.5752160,126.9881423,
amenity=restaurant,amenity,restaurant,node,12074650817,백년팥죽,,,Y,37.5769723,126.9227187,가재울로10길 39
amenity=restaurant,amenity,restaurant,node,12074421983,봉추찜닭 강남358타워점,,,Y,37.4950268,127.0298540,강남대로 358
amenity=restaurant,amenity,restaurant,node,7558361298,마라탕부페,,,Y,37.6083993,127.0078158,
amenity=restaurant,amenity,restaurant,node,13956630369,오성안동갈비살 강동본점,,,Y,37.5418221,127.1220977,구천면로 156
amenity=restaurant,amenity,restaurant,node,13946920153,할랄킹(HALAL KING),,,Y,37.5770542,127.0246047,서울특별시 동대문구 한빛로 11
amenity=restaurant,amenity,restaurant,node,13946954927,달리181 상암점,,,Y,37.5813242,126.8885484,서울특별시 마포구 월드컵북로54길 17
amenity=restaurant,amenity,restaurant,node,13930571627,북촌손만두,,,Y,37.5586217,126.9558604,신촌로35길 10
shop=florist,shop,florist,node,368868831,민들레식물원,민들레식물원,Mindeulle Florist,Y,37.4537100,127.0787120,
amenity=restaurant,amenity,restaurant,node,12175847873,베이징 양고기 전문점,,,Y,37.6335182,126.9186080,진관1로 21-35
amenity=restaurant,amenity,restaurant,node,13851758447,장호왕곱창.김치찌게,,,Y,37.5546890,126.9738947,한강대로 416
amenity=restaurant,amenity,restaurant,node,4928008589,조가네 제주 생갈비,,,Y,37.5561825,126.9245558,
amenity=restaurant,amenity,restaurant,node,13930560995,군산아구,,,Y,37.5178631,126.9097550,영중로4길 32
amenity=restaurant,amenity,restaurant,node,12074681963,온누리할매순대국(군자역점),,,Y,37.5585349,127.0799544,능동로 323
amenity=restaurant,amenity,restaurant,node,13946798857,어반테이블 선릉,,,Y,37.5064149,127.0493100,선릉로96길 13
amenity=restaurant,amenity,restaurant,node,12074757332,개성손만두요리전문점 방배점,,,Y,37.4927220,126.9892756,동광로19길 5
amenity=hospital,amenity,hospital,node,368799331,김기찬피부비뇨기과,김기찬피부비뇨기과,Gimgichanpibu Urology,Y,37.4881757,126.7649681,
amenity=restaurant,amenity,restaurant,node,9093018030,별양동언니,,,Y,37.4290273,126.9911379,새술막길 36
healthcare=hospital,healthcare,hospital,node,368799151,누가의원,누가의원,Nuga Clinic,Y,37.4774595,126.7751151,
amenity=restaurant,amenity,restaurant,node,11037629152,브릴란테,,,Y,37.5958214,127.0606218,휘경로 6-8
amenity=restaurant,amenity,restaurant,node,13930561226,꺼먹돼지집,,,Y,37.5192300,126.9043415,영신로34길 32
amenity=cafe,amenity,cafe,node,5400281273,커피 맥아더,,,Y,37.6061559,126.8231782,
shop=convenience,shop,convenience,node,9836517457,용비쉼터 편의점,,,Y,37.5462893,127.0303812,
amenity=restaurant,amenity,restaurant,node,13851763052,수유리우동집,,,Y,37.5586243,126.9774081,남대문시장4길 Feb-31
amenity=restaurant,amenity,restaurant,node,13455784032,제주살림,,,Y,37.4549370,126.8983916,21
amenity=restaurant,amenity,restaurant,node,13851765941,마실,,,Y,37.5384000,127.0828000,능동로 90500
shop=convenience,shop,convenience,node,13911615400,GS25 상계은빛,,,Y,37.6806660,127.0538010,동일로245가길 41
amenity=restaurant,amenity,restaurant,node,12079471665,가정식백반,,,Y,37.6043270,126.9102896,갈현로 73
tourism=motel,tourism,motel,node,13682383505,미온가,,,Y,37.5827601,126.9894009,
amenity=restaurant,amenity,restaurant,node,12076553125,뚱이네,,,Y,37.5017830,127.0111450,서초중앙로33길 6-6
amenity=restaurant,amenity,restaurant,node,13946953227,족발,,,Y,37.5465766,126.9454128,서울특별시 마포구 백범로 127
healthcare=hospital,healthcare,hospital,node,368800138,한앤김내과의원,한앤김내과의원,Hanaengim Internal Medicine Clinic,Y,37.4742719,126.7957098,
amenity=restaurant,amenity,restaurant,node,13930571235,중경 마라탕,,,Y,37.5588208,126.9358973,연세로11길 15
shop=stationery,shop,stationery,node,13957040871,모닝글로리 교보문고 광화문점,,,Y,37.5712154,126.9777871,
amenity=fast_food,amenity,fast_food,node,12074594248,버거운버거 서울경희대점,,,Y,37.5982429,127.0546611,천장산로7길 56
railway=stop,railway,stop,node,10814323624,신목동,신목동,Sinmokdong,Y,37.5442465,126.8832503,목동중앙로 지하217
amenity=restaurant,amenity,restaurant,node,12393400387,한식왕비집,,,Y,37.5344313,126.9960644,이태원로 200
shop=supermarket,shop,supermarket,node,13736685154,윤정마트,,,Y,37.5554593,126.9400013,
amenity=restaurant,amenity,restaurant,node,12074785825,스마일,,,Y,37.5479365,127.0238033,"금호로1길 43 (금호동4가,(지상1층))"
amenity=dentist,amenity,dentist,node,368739336,이룸치과,이룸치과,Irum Dental Clinic,Y,37.5189300,126.9306200,
amenity=dentist,amenity,dentist,node,368739799,리더스치과,리더스치과,Rideoseu Dental Clinic,Y,37.4831313,126.9537417,
amenity=cafe,amenity,cafe,node,4585485492,Stylenanda Pink Hotel,스타일난다 핑크호텔;,Stylenanda Pink Hotel,Y,37.5619694,126.9852437,명동8길 37-8
amenity=bank,amenity,bank,node,6078305782,우리은행,우리은행,Woori Bank,Y,37.4773176,127.0444364,
amenity=restaurant,amenity,restaurant,node,12074786922,딤딤덕,,,Y,37.5005110,127.0308300,테헤란로7길 22
amenity=restaurant,amenity,restaurant,node,13854681566,오봉집,,,Y,37.5725594,127.0576229,"전농로 86, 1층 (답십리동)"
amenity=restaurant,amenity,restaurant,node,13958818818,아우네,,,Y,37.4935515,127.1456330,거마로2길 7
shop=convenience,shop,convenience,node,13911615729,CU 안암센트럴점,,,Y,37.5855610,127.0306020,"고려대로28길 16,"
amenity=restaurant,amenity,restaurant,node,12073358814,목우촌한우명가,,,Y,37.5398297,126.9432971,토정로 312-1
amenity=cafe,amenity,cafe,node,9998819696,요정출몰지역,,,Y,37.5105450,127.1471667,동남로424번길 100
amenity=restaurant,amenity,restaurant,node,13946958603,포이 에프앤비,,,Y,37.5495040,127.0544800,서울특별시 성동구 광나루로4가길 7
amenity=restaurant,amenity,restaurant,node,13946797739,옛골,,,Y,37.5059315,127.0325914,봉은사로24길 12
amenity=restaurant,amenity,restaurant,node,9774314739,호야네분식,,,Y,37.5961914,126.9098318,증산로21길 46
amenity=restaurant,amenity,restaurant,node,13851763570,강나루유황오리,,,Y,37.5534005,127.0897904,자양로43길 65
amenity=dentist,amenity,dentist,node,368738087,연세휴치과 길음점,연세휴치과 길음점,Yeonsehyu Dental Gileumjeom,Y,37.6042400,127.0256800,
shop=convenience,shop,convenience,node,12203581293,세븐일레븐,세븐일레븐,7-Eleven,Y,37.4896078,126.7714646,
shop=supermarket,shop,supermarket,node,5794699353,E-Mart Supermarkt / Global Taxfree Kiosk,이마트,E-Mart,Y,37.5298087,126.9660407,
amenity=restaurant,amenity,restaurant,node,13686835404,레이크푸드(스쿨스토어),,,Y,37.5090453,127.1009106,
healthcare=pharmacy,healthcare,pharmacy,node,13957792710,보람약국,,,Y,37.5723277,127.0139413,
shop=bakery,shop,bakery,node,11768339416,브레댄코,,,Y,37.6199672,127.0585991,
amenity=restaurant,amenity,restaurant,node,13946953359,야키토리 고꼬 연남,,,Y,37.5621990,126.9234759,서울특별시 마포구 성미산로26길 41
amenity=restaurant,amenity,restaurant,node,13851759548,헤이준쌀국수,,,Y,37.5602013,126.9829327,통일로2길 16
healthcare=pharmacy,healthcare,pharmacy,node,7825819387,녹색건강약국,,,Y,37.5842231,127.0868895,
amenity=cafe,amenity,cafe,node,13694440045,리틀문카페,,,Y,37.5571169,126.9327883,
amenity=restaurant,amenity,restaurant,node,12074598437,숙이네 냉삼집,,,Y,37.5121383,126.9403999,장승배기로 164
amenity=restaurant,amenity,restaurant,node,12074520601,바다이야기,,,Y,37.5470454,127.0703194,군자로 44
amenity=dentist,amenity,dentist,node,368784641,사과나무치과의원 백석점,사과나무치과의원 백석점,Apple Namu Dental Uiwon Baekseokjeom,Y,37.6475319,126.7825004,
amenity=restaurant,amenity,restaurant,node,13956630889,방죽골순대국,,,Y,37.5487071,127.1413388,상암로41길 58
amenity=bank,amenity,bank,node,7499844051,기업은행,기업은행,Industrial Bank of Korea,Y,37.5401839,127.0625621,
railway=stop,railway,stop,node,7171445626,충무로,,,Y,37.5619720,126.9935474,
amenity=restaurant,amenity,restaurant,node,12074785794,해양,,,Y,37.5458368,127.0245223,"금호로 17, 상가동 지1층 108호 (금호동4가, 서울숲2차푸르지오아파트)"
healthcare=pharmacy,healthcare,pharmacy,node,9848667071,영림약국,,,Y,37.5905132,127.0623376,
amenity=restaurant,amenity,restaurant,node,12069419825,18번가가요리믹스,,,Y,37.5688436,126.9855821,
amenity=restaurant,amenity,restaurant,node,13854680730,육쌈냉면,,,Y,37.5810776,127.0451775,홍릉로 8-1 (청량리동)
amenity=restaurant,amenity,restaurant,node,13851765825,하나참치,,,Y,37.5533500,127.0734600,능동로35길 28
amenity=cafe,amenity,cafe,node,12072851877,가화커피,,,Y,37.5636489,126.9778119,
amenity=restaurant,amenity,restaurant,node,12069419840,부엉이산장,,,Y,37.5693359,126.9856113,
amenity=restaurant,amenity,restaurant,node,13854683323,길식당,,,Y,37.5806750,127.0412457,"경동시장로 18-9 (제기동,(동서시장길 23-8))"
amenity=restaurant,amenity,restaurant,node,13946954571,평이담백 뼈칼국수,,,Y,37.5543395,126.9139110,서울특별시 마포구 양화로7길 84
amenity=hospital,amenity,hospital,node,368802907,이홍복한의원,이홍복한의원,Ihongbok Oriental Medicine Clinic,Y,37.5909230,127.1465700,
amenity=restaurant,amenity,restaurant,node,12074443111,동래일식,,,Y,37.5717857,127.0100862,
amenity=restaurant,amenity,restaurant,node,5811415568,비에뜨반미,,,Y,37.5592501,126.9252166,
amenity=restaurant,amenity,restaurant,node,4681526596,아딸,,,Y,37.5467428,126.8753326,
amenity=restaurant,amenity,restaurant,node,12157549807,목포집,목포집,Mokpo Jip,Y,37.5758561,126.9899824,
amenity=restaurant,amenity,restaurant,node,13946920064,명성오리전문점,,,Y,37.5854195,127.0418725,서울특별시 동대문구 홍릉로15길 28
amenity=restaurant,amenity,restaurant,node,7552913268,피자스쿨,,,Y,37.5071729,127.0920863,
amenity=restaurant,amenity,restaurant,node,13946953229,어슬라이스(ASLlCE),,,Y,37.5543148,126.9316568,서울특별시 마포구 서강로11길 36-35
amenity=pharmacy,amenity,pharmacy,node,12419994874,샘터약국,,,Y,37.4837522,127.0834970,
amenity=restaurant,amenity,restaurant,node,13854682032,이문동 그집,,,Y,37.6039605,127.0618649,"이문로 195, 1층 (이문동)"
shop=supermarket,shop,supermarket,node,7557517901,평화식품,,,Y,37.5474573,127.0397245,
shop=laundry,shop,laundry,node,12686641129,한아름빨래방,,,Y,37.5439564,127.0699921,능동로13길 46
amenity=restaurant,amenity,restaurant,node,13946920913,옥천등갈비 김치찜,,,Y,37.6022361,127.0183373,서울특별시 성북구 정릉로36길 7
amenity=restaurant,amenity,restaurant,node,12074477701,뉴미미일품양꼬치,,,Y,37.5153915,126.8946113,도림로128길 21
amenity=restaurant,amenity,restaurant,node,8441111190,잭슨피자주식회사,,,Y,37.5373617,126.9998009,이태원로55가길 26-1
amenity=restaurant,amenity,restaurant,node,8212531717,Pasha,,Turkish cuisine,N,37.4984138,127.0255987,
amenity=restaurant,amenity,restaurant,node,13946946662,코니스(CONIS),,,Y,37.5621326,126.9177204,서울특별시 마포구 성미산로15길 16-3
amenity=restaurant,amenity,restaurant,node,13946953716,백세칼국수,,,Y,37.5481531,126.9548595,서울특별시 마포구 마포대로12길 17
amenity=restaurant,amenity,restaurant,node,13946954930,히든(HIDDEN),,,Y,37.5516839,126.9221709,서울특별시 마포구 와우산로21길 21-16
shop=convenience,shop,convenience,node,7557523286,CU,CU,,N,37.5654398,127.0672051,
amenity=restaurant,amenity,restaurant,node,8398939854,영덕물회&생태,,,Y,37.5398604,127.0932221,아차산로 461
amenity=restaurant,amenity,restaurant,node,13851761381,대상해,,,Y,37.5677018,126.9772803,세종대로 124
tourism=guest_house,tourism,guest_house,node,4631191997,Mago guest House,,,N,37.5563222,126.9948971,
amenity=restaurant,amenity,restaurant,node,13956896726,둔촌순대국,,,Y,37.5308339,127.1418127,풍성로65길 80
amenity=restaurant,amenity,restaurant,node,13946953580,한합,,,Y,37.5545184,126.9140718,서울특별시 마포구 동교로 108
amenity=restaurant,amenity,restaurant,node,13242191382,호지보보,호지보보,Hoji Bobo Uzbek Restaurant,Y,37.5339800,126.9894239,
shop=convenience,shop,convenience,node,4634107256,GS25,,,N,37.4797198,126.9151237,난곡로 288
amenity=cafe,amenity,cafe,node,2335003294,프리존,,,Y,37.5825874,127.0595008,
amenity=school,amenity,school,node,368921836,용마중학교,용마중학교,Yongma Middle School,Y,37.5742310,127.0858930,
amenity=restaurant,amenity,restaurant,node,13851761183,신호 북창동점,,,Y,37.5634793,126.9782721,세종대로18길 16-3
shop=bakery,shop,bakery,node,12533371320,파리바게뜨,파리바게뜨,Paris Baguette,Y,37.5679171,126.9319732,
amenity=restaurant,amenity,restaurant,node,7559560008,논산상회,,,Y,37.5006176,126.9331335,
amenity=restaurant,amenity,restaurant,node,13946953248,라 보까,,,Y,37.5525466,126.9186715,서울특별시 마포구 잔다리로 48
amenity=restaurant,amenity,restaurant,node,12074613091,단비,,,Y,37.4810806,127.0832511,광평로10길 50
amenity=restaurant,amenity,restaurant,node,12074555689,텐쿡,,,Y,37.4871472,127.0088511,반포대로19길 9-4
amenity=dentist,amenity,dentist,node,4646289242,예사랑치과의원,,,Y,37.5127642,126.8515412,
amenity=restaurant,amenity,restaurant,node,13946954136,도화오뎅 마포,,,Y,37.5399997,126.9478288,서울특별시 마포구 도화길 14
amenity=restaurant,amenity,restaurant,node,13946853163,이향해장국,,,Y,37.6477982,127.0129340,19로 11
amenity=restaurant,amenity,restaurant,node,13946954163,웍스터(WOKSTER),,,Y,37.5607161,126.9204883,서울특별시 마포구 동교로27길 71
shop=convenience,shop,convenience,node,11268266300,GS25,,,N,37.4917538,126.7624168,
amenity=restaurant,amenity,restaurant,node,12074409998,BJ냉면,,,Y,37.4911451,126.9249200,보라매로3길 29
amenity=restaurant,amenity,restaurant,node,12073349486,소반,,,Y,37.5887804,126.9952428,
amenity=restaurant,amenity,restaurant,node,12074775746,찌마기용두점,,,Y,37.5732123,127.0308201,무학로 102
amenity=restaurant,amenity,restaurant,node,4749980484,301동 교수식당,,,Y,37.4502357,126.9525716,
amenity=fast_food,amenity,fast_food,node,9787432977,Super Kitchen,,,N,37.4979675,126.9981766,
amenity=bank,amenity,bank,node,12069229714,IBK기업은행,IBK기업은행,Industrial Bank of Korea,Y,37.5675460,126.9795205,
amenity=fuel,amenity,fuel,node,368904692,코리아주유소,코리아주유소,Mugunghwa Gas Station,Y,37.5195983,126.8719584,
amenity=restaurant,amenity,restaurant,node,13851761873,무쇠김치삼겹,,,Y,37.5617573,126.9854028,명동8가길 6
amenity=restaurant,amenity,restaurant,node,13854682921,윤식당,,,Y,37.5707512,127.0691070,"답십리로68길 37, 1층 (장안동)"
shop=convenience,shop,convenience,node,13437201155,세븐일레븐,세븐일레븐,7-Eleven,Y,37.4921965,127.0848374,일원로5길 58
amenity=restaurant,amenity,restaurant,node,12074773744,아재트,,,Y,37.5203179,127.0242308,
amenity=restaurant,amenity,restaurant,node,13958828826,냠냠물고기3탄,,,Y,37.4970070,127.1206992,송파대로30길 41-21
shop=convenience,shop,convenience,node,13911614683,CU 항동다연점,,,Y,37.4853890,126.8195140,연동로13길 56
amenity=bank,amenity,bank,node,2111938458,IBK기업은행,IBK기업은행,Industrial Bank of Korea,Y,37.5359798,127.1213871,
shop=convenience,shop,convenience,node,13911615257,패밀리마트 북가좌사랑점,,,Y,37.5781680,126.9090360,거북골로 195-1
amenity=restaurant,amenity,restaurant,node,13946852299,초록대문 수유점,,,Y,37.6367127,127.0254722,오패산로77길 24
amenity=restaurant,amenity,restaurant,node,8441122620,오만지아,,,Y,37.5339735,127.0098297,유엔빌리지길 14
amenity=cafe,amenity,cafe,node,13955965109,33apartment,,,N,37.5798221,126.9696260,
amenity=fast_food,amenity,fast_food,node,10129013357,피자플렉스,,,Y,37.5900716,127.0767257,봉우재로 30
amenity=restaurant,amenity,restaurant,node,12074612782,야콘냉면칼국수,,,Y,37.4809675,126.9521285,남부순환로 1820
amenity=restaurant,amenity,restaurant,node,13851760980,해바라기,,,Y,37.5568028,126.9854848,소파로 Jan-91
amenity=cafe,amenity,cafe,node,9720932253,카페 허쉬드,카페 허쉬드,Cafe Hushed,Y,37.5542001,126.9311187,
amenity=restaurant,amenity,restaurant,node,13854680418,오마카세 오사이초밥 고려대역점,,,Y,37.5910766,127.0367188,"회기로2길 2, 2층 (제기동)"
amenity=restaurant,amenity,restaurant,node,13946920470,미연당,,,Y,37.6032082,127.0380110,서울특별시 성북구 오패산로 8
amenity=doctors,amenity,doctors,node,4636936938,새들한의원,새들한의원,Saedeul Oriental Medicine Clinic,Y,37.4795402,126.9427657,쑥고개로
amenity=pharmacy,amenity,pharmacy,node,12941858523,감일365약국,,,Y,37.5076406,127.1538209,감일백제로 177
amenity=restaurant,amenity,restaurant,node,13854680733,(주)은정푸드,,,Y,37.5869657,127.0428396,"홍릉로 75, 2층 (청량리동)"
shop=convenience,shop,convenience,node,9816303803,GS25,,,N,37.5755288,126.9808340,
amenity=restaurant,amenity,restaurant,node,13676707031,청진동해장국 신촌점,,,Y,37.5550589,126.9352231,
amenity=restaurant,amenity,restaurant,node,12074685778,포지,,,Y,37.5794861,127.0441431,왕산로 192
amenity=restaurant,amenity,restaurant,node,13946799006,엘비스,,,Y,37.5088717,127.0429773,선릉로107길 13
amenity=restaurant,amenity,restaurant,node,13851764586,타논55,,,Y,37.5403630,127.0693840,아차산로 480
shop=cosmetics,shop,cosmetics,node,11683812862,향수n화장품,,,Y,37.5814677,127.0887130,면목로 330-1
amenity=restaurant,amenity,restaurant,node,12074671459,솔티드,,,Y,37.5553139,127.0791643,능동로32길 5
amenity=bank,amenity,bank,node,7802455585,IBK기업은행,IBK기업은행,Industrial Bank of Korea,Y,37.5140665,126.8962249,
healthcare=doctor,healthcare,doctor,node,368799180,본외과의원,본외과의원,Bonoegwa Clinic,Y,37.4749688,126.7957272,
amenity=fast_food,amenity,fast_food,node,11268259162,치킨마루 중동점,,,Y,37.4963316,126.7640063,
amenity=cafe,amenity,cafe,node,12076551049,코스탄테 커피(Costante coffee),,,Y,37.5128530,127.0183730,신반포로47길 56
amenity=restaurant,amenity,restaurant,node,12074756323,우향우 압구정지점,,,Y,37.5243883,127.0369680,도산대로49길 23
railway=station,railway,station,node,11942201168,장자호수공원,장자호수공원,Jangja Lake Park,Y,37.5874060,127.1379117,
amenity=restaurant,amenity,restaurant,node,13956630744,저팔계소곱생,,,Y,37.5470018,127.1261419,올림픽로 735
shop=convenience,shop,convenience,node,13563822514,스토리웨이,,Storyway,Y,37.5617879,127.0385122,
amenity=restaurant,amenity,restaurant,node,13727739356,리정원 연희점,,,Y,37.5658275,126.9286510,
amenity=restaurant,amenity,restaurant,node,13851761626,써브웨이 정동점,,,Y,37.5678178,126.9689891,새문안로 26
amenity=restaurant,amenity,restaurant,node,12074750491,밤빛,,,Y,37.5415247,127.0708521,동일로22길 117-19
amenity=cafe,amenity,cafe,node,13851758489,얼티즌,,,Y,37.5566071,126.9962365,필동로 34
amenity=restaurant,amenity,restaurant,node,12074421194,구레스시,,,Y,37.4977692,127.0284751,강남대로 390
shop=convenience,shop,convenience,node,6943595011,세븐일레븐,세븐일레븐,7-Eleven,Y,37.5568714,126.9140372,
amenity=restaurant,amenity,restaurant,node,10303124621,강여사김치찜,,,Y,37.5568947,127.0760736,면목로 29-1
amenity=restaurant,amenity,restaurant,node,10783517480,토나리우동,,Tonari Udon,Y,37.5094542,127.1100482,백제고분로45길 11
shop=bakery,shop,bakery,node,7288526434,몽소,몽소,Monceau,Y,37.5923538,126.9137192,증산로 403-1
amenity=restaurant,amenity,restaurant,node,13958829528,전주식당,,,Y,37.4787934,126.9023941,독산로109길 27
amenity=restaurant,amenity,restaurant,node,13854683170,아소정 청량리,,,Y,37.5773989,127.0431091,"고산자로32길 78, 2층 203,204호 (용두동, 청량리역한양수자인그라시엘)"
amenity=restaurant,amenity,restaurant,node,13854681533,백리향,,,Y,37.5781182,127.0585994,전농로16길 22 (전농동)
amenity=restaurant,amenity,restaurant,node,12079474302,미소야(구파발역점),,,Y,37.6357374,126.9191759,진관2로 29-21
amenity=restaurant,amenity,restaurant,node,13930561231,김가네 감자탕,,,Y,37.5132880,126.9214997,영등포로 392
amenity=restaurant,amenity,restaurant,node,13854681519,볼태기집,,,Y,37.5779006,127.0570145,"전농로19길 12 (전농동,(전농시장1길 8))"
amenity=restaurant,amenity,restaurant,node,13854682590,셉(sep),,,Y,37.5780689,127.0494595,"서울시립대로 82, 1층 1호 (전농동)"
healthcare=doctor,healthcare,doctor,node,368797298,유창정형외과의원,유창정형외과의원,Yuchangjeonghyeongoegwa Clinic,Y,37.4963430,126.7652400,
amenity=restaurant,amenity,restaurant,node,13930556946,정원갈비탕,,,Y,37.5107445,126.9170689,도신로58길 13
amenity=police,amenity,police,node,368602532,방학2치안센터,방학2치안센터,Banghak 2 Community Policing Center,Y,37.6631470,127.0306440,
amenity=cafe,amenity,cafe,node,6018335068,라피에스따,,,Y,37.5228718,127.0224649,
amenity=restaurant,amenity,restaurant,node,13946934744,라이스&포테이토,,,Y,37.5071639,126.9587406,서울특별시 동작구 흑석로 83
tourism=motel,tourism,motel,node,368702398,뉴월드모텔,뉴월드모텔,New World Motel,Y,37.5998745,126.9205793,
amenity=restaurant,amenity,restaurant,node,11037629117,금수저함바식당,,,Y,37.5969191,127.0611294,이문로30길 10
amenity=restaurant,amenity,restaurant,node,13956630562,돈사돈,,,Y,37.5418400,127.1242326,올림픽로 675
amenity=bank,amenity,bank,node,10929239449,신한은행,신한은행,Shinhan Bank,Y,37.6247422,127.0669937,
amenity=restaurant,amenity,restaurant,node,11890628926,토마토코엔トマト公園,,,Y,37.5544763,126.9016321,희우정로 104
amenity=restaurant,amenity,restaurant,node,12074593626,유연정,,,Y,37.4941830,127.0775280,
amenity=bank,amenity,bank,node,2102386097,외환은행,,,Y,37.4957129,127.0537678,
amenity=restaurant,amenity,restaurant,node,13956630425,돌무데기가든,,,Y,37.5396494,127.1454957,명일로19길 20
amenity=restaurant,amenity,restaurant,node,13956630943,할매순대국 암사점,,,Y,37.5508021,127.1406578,구천면로 377-1
shop=bakery,shop,bakery,node,12480374121,뚜레쥬르,뚜레쥬르,Tous les Jours,Y,37.6048921,127.0621276,이문로 206
amenity=pharmacy,amenity,pharmacy,node,8448937758,미소담약국,,,Y,37.6087958,127.0096900,보국문로 49
amenity=restaurant,amenity,restaurant,node,7835407587,찌개명가,,,Y,37.6098652,127.0768811,
amenity=doctors,amenity,doctors,node,5336475875,라앤미의원,라앤미의원,Raaenmi Clinic,Y,37.6702410,126.7619639,
amenity=restaurant,amenity,restaurant,node,13900608073,목동인생요리주점 토끼동굴,,,Y,37.5462724,126.8728630,목동중앙북로 88
healthcare=pharmacy,healthcare,pharmacy,node,13957670877,종로백세약국,,,Y,37.5712203,127.0022820,
amenity=restaurant,amenity,restaurant,node,12174724593,원순두부찌개,,,Y,37.6438115,126.9212641,진관3로 77
shop=convenience,shop,convenience,node,13911616003,세븐일레븐 군자가구거리점,,,Y,37.5548950,127.0827200,천호대로114길 15
amenity=restaurant,amenity,restaurant,node,13958829420,능이 마을,,,Y,37.5056621,127.0983575,백제고분로33길 6-31
amenity=restaurant,amenity,restaurant,node,13930571200,오복 순대국,,,Y,37.5970032,126.9479070,간호대로 26
amenity=restaurant,amenity,restaurant,node,13854683217,따봉하우스,,,Y,37.5913797,127.0563152,"경희대로4길 73, 1층 (이문동)"
amenity=restaurant,amenity,restaurant,node,12074354870,아우내병천순대,,,Y,37.5889959,127.0600650,망우로14길 14
amenity=restaurant,amenity,restaurant,node,13091179638,말뚝곱창,,,Y,37.4840701,126.9017995,
railway=stop,railway,stop,node,9459739647,성신여대입구,성신여대입구,Sungshin Women's University,Y,37.5925679,127.0164561,
amenity=restaurant,amenity,restaurant,node,12074594643,유미카츠 건대점,,,Y,37.5426597,127.0710392,능동로13길 11
amenity=restaurant,amenity,restaurant,node,12079472937,미각 아구동태해물찜.탕,,,Y,37.6212056,126.9254623,연서로 281
amenity=restaurant,amenity,restaurant,node,11436629216,신사부대찌개 품격삼겹살,,,Y,37.5305934,126.8983624,
amenity=restaurant,amenity,restaurant,node,13946954242,멘야호타루,,,Y,37.5373700,126.9448263,서울특별시 마포구 마포대로4가길 53
shop=laundry,shop,laundry,node,12686602791,맑은물세탁소,,,Y,37.5488056,127.0493446,상원6길 10-1
shop=convenience,shop,convenience,node,13911616229,CU 이촌중앙점,,,Y,37.5288180,126.9543250,"이촌로 34,"
shop=butcher,shop,butcher,node,9893842260,명가한우돈,,,Y,37.4888477,127.0676369,개포로82길 5
shop=bakery,shop,bakery,node,6126295431,파리바게뜨,파리바게뜨,Paris Baguette,Y,37.6770990,126.7697636,
amenity=restaurant,amenity,restaurant,node,12074596489,두툼,,,Y,37.5634021,127.0668937,천호대로85길 32
tourism=gallery,tourism,gallery,node,6602200004,SH 갤러리 서울,,SH GALLERY SEOUL,Y,37.5274811,127.0366188,압구정로46길 17
amenity=restaurant,amenity,restaurant,node,13930561705,남평식당,,,Y,37.5228352,126.9099936,버드나루로7길 7
tourism=information,tourism,information,node,11830212628,[Seoul Trail] 6-1,,,N,37.5460798,127.1087476,
amenity=fast_food,amenity,fast_food,node,5160169413,파리바게뜨,파리바게뜨,Paris Baguette,Y,37.4795934,126.9281153,
amenity=restaurant,amenity,restaurant,node,6414254417,원당 감자탕,,Wongdang Gamjatang. Spicy Pork bone soup,Y,37.5611288,126.9829428,
amenity=restaurant,amenity,restaurant,node,13930571186,인왕산 옛날통닭,,,Y,37.5839294,126.9490079,통일로 379
amenity=restaurant,amenity,restaurant,node,13854683121,바른치킨 답십리점,,,Y,37.5720374,127.0539520,"답십리로 130, 근린생활시설1동 지1층 1-1호 (답십리동, 래미안위브)"
amenity=restaurant,amenity,restaurant,node,13686744614,자문밖,,,Y,37.5114654,127.0724658,
amenity=restaurant,amenity,restaurant,node,13946797686,테라다식당 논현점,,,Y,37.5083942,127.0236942,학동로2길 51
amenity=restaurant,amenity,restaurant,node,13854680562,역전우동0410 (회기역점),,,Y,37.5897759,127.0564433,"회기로 186, 1층 1호 (휘경동)"
amenity=restaurant,amenity,restaurant,node,12192199916,깊이,,,Y,37.5522121,126.9134780,양화로11길 60
shop=convenience,shop,convenience,node,10774478827,CU,CU,CU,N,37.4820804,126.9472885,
amenity=restaurant,amenity,restaurant,node,11770050419,먹골정육식당,,,Y,37.6510110,127.1792064,진건오남로 4
amenity=restaurant,amenity,restaurant,node,13946958795,차차네 김볶,,,Y,37.5585487,127.0336281,서울특별시 성동구 행당로 133
amenity=restaurant,amenity,restaurant,node,12074382223,윤반장푸드,,,Y,37.5076274,127.0288719,강남대로120길 67
shop=convenience,shop,convenience,node,13911615085,GS25 합정프리미엄점,,,Y,37.5490080,126.9152140,"양화로6길 18,"
amenity=restaurant,amenity,restaurant,node,13851762285,카페베네 을지로PJ호텔점,,,Y,37.5642195,126.9961708,마른내로 71
amenity=dentist,amenity,dentist,node,368787581,두리치과,두리치과,Duri Dental Clinic,Y,37.6571300,126.8371000,
amenity=restaurant,amenity,restaurant,node,13946853249,원조복집,,,Y,37.6124834,127.0291836,숭인로 67
amenity=restaurant,amenity,restaurant,node,13956896725,짝태&노가리,,,Y,37.5390831,127.1265126,올림픽로70길 52
amenity=restaurant,amenity,restaurant,node,13946959383,더양평해장국 성수역점,,,Y,37.5482324,127.0556374,서울특별시 성동구 아차산로7길 36
amenity=police,amenity,police,node,368602963,북가좌2치안센터,북가좌2치안센터,Bukgajwa 2 Community Policing Center,Y,37.5829840,126.9127670,
shop=convenience,shop,convenience,node,13911612872,CU 등촌디앤써밋점,,,Y,37.5515570,126.8644640,공항대로 521
amenity=cafe,amenity,cafe,node,6257448654,스타벅스,스타벅스,Starbucks,Y,37.5079009,127.0652472,
amenity=restaurant,amenity,restaurant,node,13930561409,콩유소(CONGYUSO),,,Y,37.5124938,126.9169459,도신로 235
healthcare=doctor,healthcare,doctor,node,368799839,푸른정형외과의원,푸른정형외과의원,Pureunjeonghyeongoegwa Clinic,Y,37.5269955,126.8165672,
amenity=fast_food,amenity,fast_food,node,7557524286,PIZZATHINK,,,N,37.5667594,127.0680881,
amenity=restaurant,amenity,restaurant,node,13854681693,들꽃에 이는 향기처럼,,,Y,37.5623275,127.0658534,"장한로2길 7, 2층 (장안동)"
amenity=doctors,amenity,doctors,node,368789073,해오름한의원,해오름한의원,Haeoreum Oriental Medicine Clinic,Y,37.6577840,126.7736590,
amenity=cafe,amenity,cafe,node,13682461144,아름다운한옥 유주,,,Y,37.5836520,126.9799446,
amenity=restaurant,amenity,restaurant,node,13946798041,청담골 반상,,,Y,37.5116384,127.0453293,선릉로112길 21
amenity=restaurant,amenity,restaurant,node,13854680544,팔선생,,,Y,37.5910655,127.0402822,"회기로 34, 1~2층 (제기동)"
amenity=cafe,amenity,cafe,node,13204266620,빽다방,빽다방,Paik's Coffee,Y,37.5578176,126.9367551,연세로 23
tourism=hotel,tourism,hotel,node,12360427730,머큐어 서울 마곡,,,Y,37.5664295,126.8254635,마곡중앙5로 143
amenity=restaurant,amenity,restaurant,node,12074643172,민지네감자탕해장국,,,Y,37.5607032,127.0856120,긴고랑로 89
amenity=restaurant,amenity,restaurant,node,12074575608,화이트,,,Y,37.5584736,126.9801398,남대문시장길 45-5
shop=convenience,shop,convenience,node,3521838609,CU,,,N,37.4851522,126.9394975,
amenity=restaurant,amenity,restaurant,node,13851760645,여름연못,,,Y,37.5661770,126.9821860,을지로 30
shop=supermarket,shop,supermarket,node,9448571440,우리애마트,,,Y,37.5998419,127.1037609,
amenity=restaurant,amenity,restaurant,node,13946798534,감탄성신,,,Y,37.5029160,127.0266552,강남대로106길 14
shop=supermarket,shop,supermarket,node,7558417118,명신슈퍼,,,Y,37.5813554,127.0198775,
amenity=restaurant,amenity,restaurant,node,13851761753,카레데이,,,Y,37.5638534,126.9858176,명동길 61
amenity=restaurant,amenity,restaurant,node,13958829210,낭만,,,Y,37.4927735,127.1471263,오금로 526
amenity=restaurant,amenity,restaurant,node,7557515521,봉황부대찌개,,,Y,37.5815405,127.0725761,
amenity=restaurant,amenity,restaurant,node,13946954978,조선초가 한끼,,,Y,37.5445556,126.9449692,서울특별시 마포구 독막로 288
amenity=restaurant,amenity,restaurant,node,13854682836,러블티,,,Y,37.5872205,127.0602425,망우로18가길 70 (휘경동)
amenity=restaurant,amenity,restaurant,node,13903555760,햇살담은생선구이,,,Y,37.5344427,127.0782326,서울특별시 광진구 자양로15길 105
shop=convenience,shop,convenience,node,13264592269,GS25,,,N,37.5570498,126.9417327,
amenity=restaurant,amenity,restaurant,node,13851761038,(주)밸런티 명동점,,,Y,37.5611699,126.9825162,소공로 63
amenity=restaurant,amenity,restaurant,node,12074652289,골든볼9,,,Y,37.5125595,126.9417072,노량진로 140
amenity=hospital,amenity,hospital,node,368799797,아름신경정신과,아름신경정신과,Areum Neuropsychiatric Clinic,Y,37.5226510,126.8050590,
shop=convenience,shop,convenience,node,7558542705,GS25,,,N,37.5342676,126.9637178,
healthcare=hospital,healthcare,hospital,node,4658403250,강남힘찬병원,,,Y,37.5075302,127.1099770,백제고분로 407
amenity=restaurant,amenity,restaurant,node,9093012970,위풍당당,,,Y,37.4316578,127.1745928,둔촌대로 519
amenity=post_office,amenity,post_office,node,368876118,서울잠실우성우편취급국,서울잠실우성우편취급국,Jamsiluseong Postal Agency,Y,37.5065585,127.0742749,올림픽로4길 48
shop=supermarket,shop,supermarket,node,13571674404,코사마트,,,Y,37.5819555,127.0529850,서울시립대로 134-7
shop=convenience,shop,convenience,node,13996710515,zero store,,,N,37.4860600,126.9138905,
amenity=restaurant,amenity,restaurant,node,13946798549,오늘은 철판,,,Y,37.5115027,127.0510908,봉은사로72길 11
amenity=restaurant,amenity,restaurant,node,13946959143,밥집,,,Y,37.5472032,127.0400704,서울특별시 성동구 서울숲2길 14
amenity=restaurant,amenity,restaurant,node,13854680360,정성 서울국수집,,,Y,37.5946139,127.0654587,"휘경로 51, 1층 (휘경동)"
amenity=restaurant,amenity,restaurant,node,12192200464,원할머니보쌈 족발 공덕점,원할머니보쌈 족발 공덕점,,Y,37.5470330,126.9542360,마포대로10길 12
amenity=restaurant,amenity,restaurant,node,13854681867,명가네콩나물국밥,,,Y,37.5780768,127.0724930,"장한로 198, 1층 (장안동)"
amenity=restaurant,amenity,restaurant,node,12074413340,철길 부산집,,,Y,37.5176358,126.9086479,영중로4길 21
shop=convenience,shop,convenience,node,3326557093,세븐일레븐 마포합정동점,,,Y,37.5510489,126.9053739,
amenity=doctors,amenity,doctors,node,368741574,에덴산부인과,에덴산부인과,Eden Obstetrics & Gynecology Clinic,Y,37.6016120,126.9267220,
amenity=restaurant,amenity,restaurant,node,13946958753,산도스(SANDOS),,,Y,37.5477010,127.0396213,서울특별시 성동구 서울숲2길 6
amenity=cafe,amenity,cafe,node,12074583386,어나더쏭 군자점,,,Y,37.5537159,127.0772990,능동로 265
healthcare=hospital,healthcare,hospital,node,368799637,김종찬소아과,김종찬소아과,Gimjongchansoagwa,Y,37.4824273,126.7637109,
shop=bakery,shop,bakery,node,9835479462,파리바게뜨,파리바게뜨,Paris Baguette,Y,37.4931535,127.1448335,오금로 505
amenity=restaurant,amenity,restaurant,node,13946853204,강촌보쌈,,,Y,37.6321038,127.0247701,덕릉로28길 59
amenity=bank,amenity,bank,node,11892849719,KB국민은행,KB국민은행,KB Kookmin Bank,Y,37.4971148,126.8632275,
amenity=cafe,amenity,cafe,node,7132175142,A Twosome Place,,,N,37.5698086,126.9177884,
amenity=restaurant,amenity,restaurant,node,7899429985,선호식당,,,Y,37.5006022,126.9000348,
amenity=restaurant,amenity,restaurant,node,13851760609,블루노트커피,,,Y,37.5660447,126.9836644,"을지로 지하 131 (을지로3가, 을지로3"
amenity=restaurant,amenity,restaurant,node,13958829336,한잔어때,,,Y,37.4905936,127.1250767,동남로 126
amenity=fast_food,amenity,fast_food,node,4658222542,치킨매니아,,,Y,37.6611363,127.0605986,
tourism=attraction,tourism,attraction,node,13987165015,Itaewon Club Street,,,N,37.5349938,126.9936741,
amenity=restaurant,amenity,restaurant,node,13851762353,원당감자탕,,,Y,37.5642386,126.9897922,마른내로 14
amenity=police,amenity,police,node,368603372,대방치안센터,대방치안센터,Daebang Community Policing Center,Y,37.4989291,126.9257140,
railway=station,railway,station,node,6039313612,아차산,아차산,Achasan,Y,37.5516981,127.0897955,
healthcare=dentist,healthcare,dentist,node,368742347,아르나치과,아르나치과,Areuna Dental Clinic,Y,37.5263457,127.0273916,
amenity=restaurant,amenity,restaurant,node,12074418376,옛날짜장,,,Y,37.5042576,126.9222247,여의대방로36길 1
amenity=cafe,amenity,cafe,node,2633993744,루소,,,Y,37.5290276,126.8414015,
amenity=restaurant,amenity,restaurant,node,13851759824,피자랩 디노,,,Y,37.5606355,126.9683413,청파로 463-17
shop=supermarket,shop,supermarket,node,368665016,티나마트,티나마트,Tina Mart,Y,37.5602520,126.8456430,
healthcare=dentist,healthcare,dentist,node,368738100,연세페퍼민트치과,연세페퍼민트치과,Yeonsepepeominteu Dental Clinic,Y,37.4829000,127.0349400,
amenity=restaurant,amenity,restaurant,node,12074594291,뮬,,,Y,37.5627557,126.9254921,동교로 262-8
amenity=restaurant,amenity,restaurant,node,7557499000,남원추어탕,,,Y,37.5815200,127.0728289,
shop=supermarket,shop,supermarket,node,368666289,목동마트,목동마트,Mokdong Mart,Y,37.5443470,126.8736610,
amenity=restaurant,amenity,restaurant,node,13851764128,주하객잔,,,Y,37.5479478,127.1083408,아차산로78길 170
amenity=restaurant,amenity,restaurant,node,13851758645,한나식당,,,Y,37.5660865,127.0203022,퇴계로86길 68
amenity=restaurant,amenity,restaurant,node,13851764352,온달집건대점,,,Y,37.5438222,127.0709070,아차산로33길 46
amenity=restaurant,amenity,restaurant,node,10597261731,홍어횟집,,,Y,37.6256583,127.0800529,공릉로34길 176
healthcare=pharmacy,healthcare,pharmacy,node,13694676988,연희종로약국,,,Y,37.5677977,126.9314487,
healthcare=doctor,healthcare,doctor,node,13378638842,나이비인후과,,,Y,37.6113723,126.9294621,
shop=bakery,shop,bakery,node,10601256311,뚜레쥬르,뚜레쥬르,Tous les Jours,Y,37.6273657,127.0768950,동일로192길 77
amenity=restaurant,amenity,restaurant,node,13851758524,파파포,,,Y,37.5602161,126.9965478,퇴계로90길 56
shop=convenience,shop,convenience,node,7523711194,세븐일레븐 신천본점,세븐일레븐 신천본점,7-Eleven,Y,37.5095950,127.0824187,
amenity=cafe,amenity,cafe,node,13674788515,이디야커피,이디야커피,Ediya Coffee,Y,37.5794039,126.9827084,
amenity=pharmacy,amenity,pharmacy,node,10301311867,행복약국,,,Y,37.6180368,127.0752293,동일로 985
amenity=restaurant,amenity,restaurant,node,13930561309,송가네족발보쌈,,,Y,37.5341390,126.9029543,당산로48길 4
shop=stationery,shop,stationery,node,13957792717,동원사,,,Y,37.5718182,127.0141545,
shop=convenience,shop,convenience,node,7500212795,미니스톱,미니스톱,Ministop,Y,37.5478026,127.1460940,
amenity=restaurant,amenity,restaurant,node,13946797001,박대감내,,,Y,37.5247547,127.0489504,도산대로 509
shop=stationery,shop,stationery,node,13957040870,핫트랙스 광화문점,,,Y,37.5713018,126.9779038,
amenity=restaurant,amenity,restaurant,node,12074529233,제일정육식당,,,Y,37.5645921,127.0697453,장한로10길 45
shop=convenience,shop,convenience,node,13911615003,GS25 면목샘터점,,,Y,37.5724190,127.0832710,면목로21길 9
amenity=restaurant,amenity,restaurant,node,13946959211,스시로지,,,Y,37.5588423,127.0401888,서울특별시 성동구 마조로 15-14
shop=convenience,shop,convenience,node,13047578922,GS25,,,N,37.6501878,126.8964210,
amenity=restaurant,amenity,restaurant,node,13956630383,바른보쌈1990 명일점,,,Y,37.5509056,127.1415555,구천면로 385
amenity=pharmacy,amenity,pharmacy,node,8448897099,개미약국,,,Y,37.6168046,127.0496106,장월로 128
amenity=restaurant,amenity,restaurant,node,12074636511,돈불랑스,,,Y,37.5128532,126.9416541,노량진로 140
amenity=restaurant,amenity,restaurant,node,13946919999,칸,,,Y,37.5748602,127.0716626,서울특별시 동대문구 장한로 161
amenity=restaurant,amenity,restaurant,node,13946799060,마담미(Madame Mi),,,Y,37.5240711,127.0502893,도산대로92길 6
railway=stop,railway,stop,node,9776620272,샛강,샛강,Saetgang,Y,37.5173398,126.9293465,
amenity=restaurant,amenity,restaurant,node,13854681907,스시긴,,,Y,37.5706988,127.0703393,"장한로 111-1, 1층 101호 (장안동, 에스엠타워)"
amenity=restaurant,amenity,restaurant,node,13851764795,기록,,,Y,37.5603397,127.0752705,면목로7길 46
amenity=restaurant,amenity,restaurant,node,13851764596,프랭크버거 구의점,,,Y,37.5438960,127.0945780,아차산로 471
amenity=dentist,amenity,dentist,node,368738771,연세웰치과,연세웰치과,Yeonsewel Dental Clinic,Y,37.6181700,126.9203000,
amenity=restaurant,amenity,restaurant,node,13903555398,계주옥,,,Y,37.5558782,127.0772722,서울특별시 광진구 능동로31길 21
amenity=cafe,amenity,cafe,node,3261781688,라끌레,,La Clé Jazz Club,Y,37.5836000,126.9814266,팔판길 42
amenity=restaurant,amenity,restaurant,node,12409065744,피자쏭,,,Y,37.4878857,126.8556350,개봉로11길 7-3
shop=convenience,shop,convenience,node,11271608742,CU,,,N,37.4931359,126.7615325,
amenity=dentist,amenity,dentist,node,5565878630,이병준 치과의원,,,Y,37.5461551,127.0534708,
amenity=restaurant,amenity,restaurant,node,13851762651,하이키(Hiky),,,Y,37.5652036,127.0211095,다산로44길 73
amenity=restaurant,amenity,restaurant,node,13851764333,노다메,,,Y,37.5342800,127.0764650,아차산로33길 90
healthcare=hospital,healthcare,hospital,node,368799684,정수암소아과,정수암소아과,Jeongsuamsoagwa,Y,37.5253989,126.8050097,
amenity=library,amenity,library,node,368654469,신림12동문고,신림12동문고,Sillim 12 Dong Library,Y,37.4762610,126.9154890,
amenity=restaurant,amenity,restaurant,node,13854681125,해다원해물찜,,,Y,37.5628658,127.0662069,"천호대로85길 17, 2층 (장안동)"
amenity=restaurant,amenity,restaurant,node,13851758496,필동카츠,,,Y,37.5608784,126.9963110,필동로 31
amenity=restaurant,amenity,restaurant,node,13851760330,파워우먼,,,Y,37.5656188,127.0063765,을지로43길 9
railway=stop,railway,stop,node,6041673025,태릉입구,,,Y,37.6172248,127.0745285,
healthcare=pharmacy,healthcare,pharmacy,node,13681929495,힘찬약국,,,Y,37.5676641,127.0082317,
shop=convenience,shop,convenience,node,13911616377,GS25 상명사랑점,,,Y,37.6001550,126.9585210,세검정로 230
amenity=restaurant,amenity,restaurant,node,13946953834,연남로지,,,Y,37.5615085,126.9257382,서울특별시 마포구 동교로38길 33
amenity=restaurant,amenity,restaurant,node,13946853174,미아리 곰장어 아나고,,,Y,37.6125267,127.0325797,월계로7가길 24
shop=convenience,shop,convenience,node,13911614091,GS25 양평본점,,,Y,37.5423970,126.8904300,"양평로30가길 19,"
amenity=restaurant,amenity,restaurant,node,13851765744,푸드몽,,,Y,37.5622264,127.0843244,능동로48길 34
shop=convenience,shop,convenience,node,12070844546,세븐일레븐,세븐일레븐,7-Eleven,Y,37.5563201,126.9744171,
shop=supermarket,shop,supermarket,node,2101215348,농협유통하나로마트 청담점,,,Y,37.5179934,127.0445218,
amenity=school,amenity,school,node,368622744,한국삼육고등학교,한국삼육고등학교,Korea Samyuk High School,Y,37.6404850,127.1084852,
amenity=cafe,amenity,cafe,node,12409065739,우지커피,,,Y,37.4863675,126.8538089,개봉로3길 44
amenity=restaurant,amenity,restaurant,node,13956837492,여수집,,,Y,37.5616014,127.1564325,아리수로68길 28
amenity=fast_food,amenity,fast_food,node,12076553363,샌드리아,,,Y,37.4875050,126.9828940,동광로12가길 34
amenity=cafe,amenity,cafe,node,13015500451,파스텔커피웍스,파스텔커피웍스,Pastel Coffee Works,Y,37.5462734,126.9126524,성지길 58
amenity=restaurant,amenity,restaurant,node,13946799121,소반 블랙,,,Y,37.5236876,127.0327845,언주로 823
amenity=restaurant,amenity,restaurant,node,13946954147,도적,,,Y,37.5488034,126.9201759,서울특별시 마포구 어울마당로5길 3
amenity=restaurant,amenity,restaurant,node,13854682905,썬더치킨,,,Y,37.5675278,127.0721645,"답십리로72길 108, 1층 (장안동)"
amenity=restaurant,amenity,restaurant,node,13851763361,구십이도,,,Y,37.5533812,127.0787340,천호대로110길 40
amenity=restaurant,amenity,restaurant,node,9701488915,웅이네솥뚜껑,,,Y,37.6054937,127.0977810,
amenity=restaurant,amenity,restaurant,node,12074440830,한일,,,Y,37.5708149,126.9925618,
amenity=restaurant,amenity,restaurant,node,13854681424,또래분식,,,Y,37.5866698,127.0346809,"제기로 15, 1층 3호 (제기동, 내제1,2층3호 중 1층)"
amenity=pharmacy,amenity,pharmacy,node,8448937799,유민약국,,,Y,37.5944185,127.0185882,동소문로 127-2
amenity=restaurant,amenity,restaurant,node,13851762949,디저트39,,,Y,37.5569795,127.0116077,다산로 147
amenity=restaurant,amenity,restaurant,node,13851766438,성수정성도시락,,,Y,37.5484457,127.0697457,광나루로 361
amenity=restaurant,amenity,restaurant,node,9489248402,와후진,,,Y,37.4884526,127.1023572,
healthcare=alternative,healthcare,alternative,node,368796499,경희궁한의원,경희궁한의원,,Y,37.4844219,126.8129731,
amenity=restaurant,amenity,restaurant,node,12192201191,Pizza Neapoletana Rosso 1924,피자 로쏘 1924,,Y,37.5545944,126.9217334,홍익로 29
amenity=restaurant,amenity,restaurant,node,13930561513,역전식당,,,Y,37.5159532,126.9063276,경인로102길 4
amenity=restaurant,amenity,restaurant,node,13946954342,국수생각,,,Y,37.5458034,126.9548231,서울특별시 마포구 만리재옛길 13
amenity=restaurant,amenity,restaurant,node,13854683033,우리식당,,,Y,37.5733686,127.0486847,"답십리로30길 15 (답십리동,(간데메서길15))"
amenity=restaurant,amenity,restaurant,node,12074556218,우들목 서초점,,,Y,37.4912941,127.0301449,강남대로51길 1
amenity=restaurant,amenity,restaurant,node,12079471501,국립공원특산품판매점,,,Y,37.6554346,126.9479652,대서문길 36
shop=convenience,shop,convenience,node,13911616098,패밀리마트 자양한강점,,,Y,37.5325460,127.0783690,뚝섬로 617
amenity=restaurant,amenity,restaurant,node,9902337503,탐나횟집,,,Y,37.5931645,127.0740263,
amenity=restaurant,amenity,restaurant,node,13851758919,로얄돈까스,,,Y,37.5643788,127.0039793,퇴계로51길 19
amenity=restaurant,amenity,restaurant,node,13946953171,김밥천국,김밥천국,,Y,37.5595235,126.9044692,서울특별시 마포구 월드컵로29길 31
amenity=restaurant,amenity,restaurant,node,13851761795,너비집,,,Y,37.5655304,126.9837763,명동9길 May-37
amenity=restaurant,amenity,restaurant,node,13958829561,백두봉 양탕집,,,Y,37.4730220,126.9002387,시흥대로142길 18
shop=convenience,shop,convenience,node,13911612660,세븐일레븐 테헤란로점,,,Y,37.5056920,127.0541830,테헤란로 428
amenity=restaurant,amenity,restaurant,node,13956630526,별미손칼국수,,,Y,37.5510352,127.1432585,양재대로141길 9
amenity=restaurant,amenity,restaurant,node,13147183105,하영각,하영각,Hayeonggak,Y,37.4796187,127.0497745,
amenity=restaurant,amenity,restaurant,node,12074706415,에슬로우서울역점,,,Y,37.5506417,126.9735606,한강대로 372
amenity=restaurant,amenity,restaurant,node,13958828921,다이스웍스(DiceWorks),,,Y,37.5098426,127.1105729,오금로18길 9
amenity=restaurant,amenity,restaurant,node,8148121717,조이덕스3F,조이덕스3F             파파죤스2F,,Y,37.5984092,127.0931396,
amenity=fast_food,amenity,fast_food,node,13957279268,둘둘치킨,,,Y,37.5710185,126.9804968,
amenity=restaurant,amenity,restaurant,node,12079472426,드블루(DEBLAUX),,,Y,37.6028006,126.9257577,서오릉로 17
amenity=restaurant,amenity,restaurant,node,12107957087,신촌부대찌개,,,Y,37.5558979,126.9364582,
amenity=restaurant,amenity,restaurant,node,13946934680,요란한부엌,,,Y,37.5029562,126.9362533,서울특별시 동작구 상도로 152
shop=convenience,shop,convenience,node,4644156600,CU,,,N,37.5533939,126.8270107,강서로47길 165
amenity=restaurant,amenity,restaurant,node,13957583198,육미,,,Y,37.5710278,126.9844226,
amenity=hospital,amenity,hospital,node,2279785065,은평튼튼병원,,,Y,37.6036007,126.9352875,
amenity=restaurant,amenity,restaurant,node,12074354997,독립돈가,,,Y,37.5458594,127.0740217,능동로 172
amenity=restaurant,amenity,restaurant,node,12509657344,후투타코,후투타코,,Y,37.5173786,126.9579958,양녕로 445
amenity=restaurant,amenity,restaurant,node,12079472893,먹보,,,Y,37.6027179,126.9155371,연서로 39
amenity=restaurant,amenity,restaurant,node,13851765387,세븐돈까스,,,Y,37.5384000,127.0828000,동일로24길 561
shop=convenience,shop,convenience,node,10615415602,GS25,,,N,37.4601066,126.9194549,
amenity=restaurant,amenity,restaurant,node,13851758992,BOSS(보스),,,Y,37.5616165,126.9936735,퇴계로42길 03-04
tourism=hotel,tourism,hotel,node,368951326,도우호텔,도우호텔,Dou Hotel,Y,37.5211180,126.9054960,
amenity=restaurant,amenity,restaurant,node,13946958673,마야(MAYA),,,Y,37.5439763,127.0512660,서울특별시 성동구 연무장3길 3
amenity=restaurant,amenity,restaurant,node,13946954914,주문 합정,,,Y,37.5457366,126.9140441,서울특별시 마포구 토정로 27-1
amenity=cafe,amenity,cafe,node,11780387597,TM.S,,,N,37.5516943,126.9091281,양화로1길 75
amenity=cafe,amenity,cafe,node,13451704873,메가MGC커피 3939th 고양시청점,,,Y,37.6567153,126.8323494,
amenity=restaurant,amenity,restaurant,node,13854681462,전주분식,,,Y,37.5672684,127.0575770,"전농로4가길 24, 102호 (답십리동)"
tourism=hotel,tourism,hotel,node,13745144101,와이호텔,,,Y,37.5533929,126.9363815,
amenity=restaurant,amenity,restaurant,node,13946797771,미가,,,Y,37.5261897,127.0300637,압구정로32길 23
amenity=restaurant,amenity,restaurant,node,13946919975,장안 두부골,,,Y,37.5757471,127.0672471,서울특별시 동대문구 한천로 165
shop=convenience,shop,convenience,node,7599363154,세븐일레븐,세븐일레븐,7-Eleven,Y,37.4921608,127.0112762,
amenity=restaurant,amenity,restaurant,node,13946920899,한씨네빈대떡·칼국수,,,Y,37.6055779,127.0616412,서울특별시 성북구 돌곶이로5길 4
shop=convenience,shop,convenience,node,13118187454,CU,,,N,37.5073241,127.0628177,
amenity=restaurant,amenity,restaurant,node,13851762323,서울 삼계탕,,,Y,37.5648924,126.9905540,마른내로 19
amenity=restaurant,amenity,restaurant,node,13946958895,우시야 성수점,,,Y,37.5385968,127.0568036,서울특별시 성동구 뚝섬로9길 3
amenity=restaurant,amenity,restaurant,node,12074445949,비아세라(Via sera),,,Y,37.5242366,126.9046880,영중로27길 6
amenity=restaurant,amenity,restaurant,node,13851759295,초대양꼬치,,,Y,37.5658690,127.0215764,퇴계로 434-1
healthcare=hospital,healthcare,hospital,node,12832848288,연세가족의원,,,Y,37.5610073,126.8599595,
railway=stop,railway,stop,node,5891336949,곡산,곡산,Goksan,Y,37.6451532,126.8021797,
amenity=restaurant,amenity,restaurant,node,12076551066,상상치스넥,,,Y,37.5102500,127.0022230,신반포로23길 41
amenity=restaurant,amenity,restaurant,node,13946954178,웰빙뚝배기,,,Y,37.5534649,126.9126921,서울특별시 마포구 동교로12길 21
amenity=restaurant,amenity,restaurant,node,13946852206,효자분식 미아점,,,Y,37.6265460,127.0242429,도봉로53길 27
railway=stop,railway,stop,node,5890637419,상봉,상봉,,Y,37.5965559,127.0843139,
amenity=bank,amenity,bank,node,2102460064,하나은행,하나은행,KEB Hana Bank,Y,37.5228620,127.0395199,
amenity=restaurant,amenity,restaurant,node,13956630038,스시팡(상일점),,,Y,37.5489198,127.1726837,상일로5길 5
amenity=post_office,amenity,post_office,node,368875553,중계3동우체국,중계3동우체국,Junggye 3 Dong Post Office,Y,37.6416350,127.0685350,
amenity=restaurant,amenity,restaurant,node,13851761785,CGV명동,,,Y,37.5634129,126.9828907,명동9길 5
amenity=restaurant,amenity,restaurant,node,13930570723,원할머니보쌈신촌점,,,Y,37.5574048,126.9359766,연세로5가길 14
shop=florist,shop,florist,node,13092813611,플랜팁,,,Y,37.5432517,126.8449678,까치산로 46
shop=convenience,shop,convenience,node,5551950189,CU,CU,CU,N,37.6473822,127.0134437,
